<?xml version="1.0" encoding="UTF-8"?>
<project version="4">
  <component name="EntryPointsManager">
    <entry_points version="2.0" />
  </component>
  <component name="ProjectRootManager" version="2" languageLevel="JDK_1_6" assert-keyword="true" jdk-15="true" project-jdk-name="1.6" project-jdk-type="JavaSDK">
    <output url="file://$PROJECT_DIR$/build/classes" />
  </component>
  <component name="masterDetails">
    <states>
      <state key="GlobalLibrariesConfigurable.UI">
        <settings>
          <splitter-proportions>
            <option name="proportions">
              <list>
                <option value="0.2" />
              </list>
            </option>
          </splitter-proportions>
        </settings>
      </state>
      <state key="JdkListConfigurable.UI">
        <settings>
          <last-edited>Android 4.2.2 Platform</last-edited>
          <splitter-proportions>
            <option name="proportions">
              <list>
                <option value="0.2" />
              </list>
            </option>
          </splitter-proportions>
        </settings>
      </state>
      <state key="ProjectJDKs.UI">
        <settings>
          <last-edited>1.6</last-edited>
          <splitter-proportions>
            <option name="proportions">
              <list>
                <option value="0.2" />
              </list>
            </option>
          </splitter-proportions>
        </settings>
      </state>
      <state key="ProjectLibrariesConfigurable.UI">
        <settings>
          <splitter-proportions>
            <option name="proportions">
              <list>
                <option value="0.2" />
              </list>
            </option>
          </splitter-proportions>
        </settings>
      </state>
    </states>
  </component>
</project>

